{"cameraMode":{"drawMode":0,"name":"Shaded","section":"Shading Mode"},"sceneLighting":false,"audioPlay":false,"sceneViewState":{"m_AlwaysRefresh":false,"showFog":true,"showSkybox":false,"showFlares":true,"showImageEffects":true,"showParticleSystems":true,"showVisualEffectGraphs":true,"m_FxEnabled":true},"in2DMode":false,"pivot":{"x":-6.0249128341674809,"y":2.511582612991333,"z":2.0649261474609377},"rotation":{"x":0.005457701161503792,"y":0.8444381356239319,"z":0.00860542245209217,"w":-0.5355560183525086},"size":6.587520599365234,"orthographic":false}